<application>
  <component name="AppStorage">
    <histories>
      <item value="application" />
      <item value="make Money App Templete" />
      <item value="This document contains very long lines. Soft wraps were forcibly enabled to improve editor performance." />
      <item value="Swipe" />
      <item value="head Line" />
      <item value="领取" />
      <item value="Article" />
      <item value="方向" />
      <item value="今日头条" />
      <item value="fuck" />
      <item value="hello" />
      <item value="aside" />
      <item value="注意事项" />
      <item value="announcement" />
    </histories>
    <option name="languageScores">
      <map>
        <entry key="CHINESE" value="15" />
        <entry key="ENGLISH" value="16" />
      </map>
    </option>
  </component>
  <component name="Settings">
    <option name="ignoreRegExp" value="" />
  </component>
</application>