<application>
  <component name="VimSettings">
    <state version="5" enabled="false" />
    <shortcut-conflicts>
      <shortcut-conflict owner="vim">
        <text>ctrl pressed X</text>
      </shortcut-conflict>
      <shortcut-conflict owner="vim">
        <text>ctrl pressed S</text>
      </shortcut-conflict>
      <shortcut-conflict owner="vim">
        <text>ctrl pressed A</text>
      </shortcut-conflict>
      <shortcut-conflict owner="vim">
        <text>ctrl pressed C</text>
      </shortcut-conflict>
      <shortcut-conflict owner="vim">
        <text>ctrl pressed P</text>
      </shortcut-conflict>
      <shortcut-conflict owner="vim">
        <text>ctrl pressed N</text>
      </shortcut-conflict>
    </shortcut-conflicts>
    <editor />
    <notifications>
      <idea-join enabled="false" />
      <idea-put enabled="false" />
    </notifications>
  </component>
</application>